g,a_g,eta_fixed,eta_H_matched,eta_A_matched,A_residual_relative,sample_operator_rms_residual_relative,T_update_residual_relative,E_fixed_K20,E_fixed_K50,E_fixed_K100,E_fixed_K200,E_fixed_K500,E_fixed_K1000,E_H_matched_K20,E_H_matched_K50,E_H_matched_K100,E_H_matched_K200,E_H_matched_K500,E_H_matched_K1000,E_A_matched_K20,E_A_matched_K50,E_A_matched_K100,E_A_matched_K200,E_A_matched_K500,E_A_matched_K1000
0.5,0.5004892285949304,7.408336149524141e-06,2.9575438832360075e-05,1.4802188990804551e-05,5.911084475124827e-06,5.091245966278721e-06,1.3582339774635302e-05,0.00019838362928431755,0.0001960101221187149,0.0001921859228683826,0.00018500287588031866,0.00016668882473435732,0.00014446031040201858,0.00035448404368368684,0.0011288242578512155,0.010609241799835337,1.0939250625447023,1232665.627094247,1.5043174832059938e+16,0.00021478049736579636,0.00024120895533960216,0.0002995723684094646,0.0004987018450972557,0.003263533650224841,0.09936562918237014
0.55,0.550484336308982,7.408336149524141e-06,2.4447290717240186e-05,1.3457850952122111e-05,5.32049610652141e-06,4.582569311515439e-06,1.2225300815300972e-05,0.00019915337609241351,0.00019790265049836973,0.00019586701376585712,0.00019196518913967102,0.0001814004358096602,0.0001666911079340735,0.0003102897900740722,0.0007395695248842487,0.00416728914002435,0.1640317758191707,10719.348535690036,1137629349833.0225,0.00021478052022032122,0.00024120901495396492,0.00029957249940929724,0.0004987021881641999,0.0032635367124461824,0.0993657298143905
0.6,0.6004696594511327,7.408336149524141e-06,2.0546532221949193e-05,1.233756948901603e-05,4.729792255218194e-06,4.073793191962821e-06,1.0867996504769889e-05,0.0002000997430030307,0.00020025979363052512,0.00020055191428027625,0.00020121696824862908,0.00020365471804436003,0.000208477237713587,0.0002821147154022658,0.0005468671275825642,0.0020884829880570954,0.039318107998636775,300.12058827223524,891807125.7527196,0.0002147805430793343,0.00024120907458003406,0.0002995726304348517,0.0004987025312985032,0.0032635397752692158,0.099365830466224
0.65,0.6504451980213866,7.408336149524141e-06,1.7510528241575102e-05,1.1389639237955533e-05,4.138972887345869e-06,3.564917578462097e-06,9.510426764279655e-06,0.00020122729527362047,0.00020311207254743207,0.0002063691184547731,0.00021331304016315375,0.00023762832171990854,0.0002912025679831799,0.000263026065439815,0.0004390691796990862,0.0012463414457046429,0.013149262889483053,19.17285894274656,3639696.6181834317,0.00021478056594283342,0.00024120913421780255,0.0002995727614861072,0.0004987028745000762,0.0032635428386920337,0.09936593113774543
0.7,0.7004109520197421,7.408336149524141e-06,1.5101316711474387e-05,1.057712779641876e-05,3.548037969025963e-06,3.0559424418181194e-06,8.152591516136268e-06,0.00020254151136661568,0.00020649696819854995,0.0002134828718919249,0.0002290197129658205,0.00029046094996816347,0.0004652947407093658,0.0002494816673988096,0.0003731099515126942,0.0008445465611095619,0.005612362563281483,2.2250599958543646,49018.27444062357,0.0002147805888108225,0.00024120919386728132,0.00029957289256309126,0.0004987032177690124,0.003263545902716208,0.09936603182904805
0.75,0.7503669214461988,7.408336149524141e-06,1.3157497990646468e-05,9.872951402556353e-06,2.956987466331631e-06,2.5468677528297162e-06,6.794490681838735e-06,0.00020404882445885136,0.00021045971795921904,0.00022210074793730067,0.0002493940605444793,0.00037464193466040505,0.0008569559460773587,0.00023951825964537132,0.00032992677473990247,0.0006281720797911449,0.0028779700698374983,0.40162223131103486,1596.4469465390985,0.00021478061168330102,0.0002412092535284686,0.0002995730236657971,0.0004987035611052784,0.003263548967340848,0.09936613254007155
0.8,0.8003131063007559,7.408336149524141e-06,1.1566469493093966e-05,9.256797234981311e-06,2.36582134535855e-06,2.0376934822890884e-06,5.4361241843897326e-06,0.00020575667155520123,0.00021505429256264637,0.0002324835153540285,0.0002758991553342834,0.0005125969699918703,0.0018023782316980924,0.0002319751108381975,0.0003001390115911656,0.0005004480596513289,0.0016990759070244137,0.10117595777043081,101.17302105798504,0.0002147806345602708,0.00024120931320136958,0.00029957315479423854,0.0004987039045089231,0.003263552032566847,0.09936623327086608
0.85,0.8502495065834139,7.408336149524141e-06,1.0247735302855535e-05,8.713131959691817e-06,1.7745395721892944e-06,1.5284196009709844e-06,4.077491945914851e-06,0.00020767355069842535,0.00022034458221401021,0.0002449579424651523,0.00031057247327941724,0.0007457365241008501,0.004257081453896392,0.0002261291244798349,0.0002787279511826155,0.0004195023751812475,0.0011192164021394562,0.032938876332043475,10.680947348364233,0.0002147806574417339,0.000241209372885989,0.0002995732859484239,0.0004987042479799594,0.003263555098394043,0.09936633402141574
0.9,0.9001761222941747,7.408336149524141e-06,9.142515385313431e-06,8.229874094686462e-06,1.183142112881424e-06,1.0190460796511484e-06,2.7185938873164304e-06,0.00020980908685221358,0.00022640582735724142,0.0002599333991010711,0.00035627385423393505,0.0011527988153341214,0.01112415062117243,0.00022151000773650413,0.00026282134611132417,0.00036524882568944204,0.0008032138779914885,0.013111231295591837,1.677276145904153,0.00021478068032769167,0.00024120943258233122,0.00029957341712836595,0.0004987045915184349,0.0032635581648233014,0.09936643479177061
0.95,0.9500929534330371,7.408336149524141e-06,8.207076557472287e-06,7.79748562785892e-06,5.916289334809968e-07,5.095728890804021e-07,1.3594299314339912e-06,0.0002121741071263562,0.00023332633760245994,0.00027792340708234886,0.0004170537576024677,0.0018880934712124655,0.03184753178275941,0.00021780067562347032,0.0002506819560218391,0.000327218913356775,0.000616469479345814,0.006127972426243963,0.3602478159175829,0.0002147807032181452,0.00024120949229039886,0.00029957354833406915,0.0004987049351243546,0.003263561231854451,0.09936653558191376
1.0,1.0,7.408336149524141e-06,7.408336149524141e-06,7.408336149524141e-06,0.0,0.0,0.0,0.00021478072611309508,0.00024120955201019313,0.0002995736795655347,0.0004987052787977172,0.003263564299487319,0.09936663639182985,0.00021478072611309508,0.00024120955201019313,0.0002995736795655347,0.0004987052787977172,0.003263564299487319,0.09936663639182985,0.00021478072611309508,0.00024120955201019313,0.0002995736795655347,0.0004987052787977172,0.003263564299487319,0.09936663639182985
1.05,1.0498972619950657,7.408336149524141e-06,6.720894450327979e-06,7.056248661365648e-06,5.917447215177353e-07,5.096726168513687e-07,1.3596959852735165e-06,0.00021764244221319975,0.0002501765056663143,0.00032569871699317634,0.0006095997134955731,0.005930132136904443,0.3370041005561665,0.0002122929136028121,0.00023367977536854398,0.0002788676277908195,0.00042042078766727485,0.0019357333823405085,0.033559545372020334,0.00021478074901254255,0.00024120961174171706,0.000299573810822769,0.0004987056225385306,0.0032635673677217443,0.0993667372215029
1.1,1.0997847394182312,7.408336149524141e-06,6.124988875349324e-06,6.736169255670009e-06,1.1836052650893649e-06,1.0194449907607714e-06,2.719658102125761e-06,0.00022077424595066017,0.00026036878176203995,0.00035732974494500947,0.0007619640659710453,0.011290615634930664,1.2408287847000403,0.00021022249537393025,0.0002275996983644573,0.0002629689713821539,0.00036607934492464576,0.0012559147505514523,0.013384688631597566,0.00021478077191649147,0.0002412096714849817,0.00029957394210580073,0.0004987059663469016,0.0032635704365596564,0.09936683807104865
1.15,1.1496624322694975,7.408336149524141e-06,5.6050566145550635e-06,6.443922965195683e-06,1.7755816647000098e-06,1.5293171510138752e-06,4.0798864284411915e-06,0.00022419274140755087,0.0002719520458264127,0.0003957777600111908,0.0009738543856701804,0.02246905059718526,4.956407882341427,0.00020848408299111554,0.00022262420208560068,0.00025050451195456145,0.00032698033104478635,0.0008783113390855123,0.006133144498212584,0.00021478079482493937,0.0002412097312399792,0.00029957407341460565,0.0004987063102227245,0.003263573505998778,0.09936693894031899
1.2,1.1995303405488655,7.408336149524141e-06,5.148707383598972e-06,6.176030650574733e-06,2.367673954374378e-06,2.039289126911289e-06,5.44038104362391e-06,0.00022791628205746142,0.000285120280103271,0.0004427167965418525,0.0012722359030727796,0.04665762472586658,21.467687915781074,0.00020701302723271733,0.00021850561438116115,0.00024055855837410459,0.00029799143994149757,0.0006539327295708918,0.0031619513695152444,0.00021478081773789102,0.0002412097910067236,0.0002995742047492221,0.0004987066541661424,0.003263576576041736,0.09936703982947381
1.25,1.2493884642563373,7.408336149524141e-06,4.74597780367352e-06,5.9295698347381015e-06,2.959882168154937e-06,2.5493609477646916e-06,6.801142024558575e-06,0.00023196512243861458,0.00030010086226483004,0.0005002943844409676,0.0016978418992216907,0.1009800625268685,100.78039241489873,0.0002057596284391594,0.00021506231598495123,0.0002325019226590042,0.0002759476930056344,0.0005128775804794349,0.0018046726553288487,0.00021478084065534452,0.00024120985078520838,0.00029957433610962797,0.0004987069981770546,0.0032635796466862622,0.09936714073836517
1.3,1.2992368033919088,7.408336149524141e-06,4.388782503247369e-06,5.70206765247355e-06,3.552206340079388e-06,3.059532642903713e-06,8.162169450222357e-06,0.0002363615872888446,0.0003171606648900698,0.0005712787408355118,0.0023129210733208385,0.2276121862822997,512.5676001381024,0.00020468515708387623,0.00021215856892609793,0.00022589081951074702,0.00025882106640001977,0.00041990173144702304,0.0011255595960815228,0.00021478086357730315,0.00024120991057544254,0.0002995744674958478,0.0004987073422555491,0.0032635827179339377,0.09936724166708721
1.35,1.3490753579555808,7.408336149524141e-06,4.070504784249127e-06,5.491417588970642e-06,4.144646504222831e-06,3.5698042416646106e-06,9.5234633982747e-06,0.00024113025996610002,0.0003366133918827508,0.0006592558174773304,0.00321372509084152,0.5340442169691131,2823.0431765830817,0.00020375906305578433,0.00020969120336018494,0.00022040495363594975,0.00024526803179651446,0.0003561088893958084,0.0007586696817477831,0.00021478088650376916,0.00024120997037743334,0.0002995745989078992,0.0004987076864016852,0.0032635857897856555,0.09936734261568986
1.4,1.398904127947357,7.408336149524141e-06,3.785687721849448e-06,5.295814060106146e-06,4.7372026946361065e-06,4.0801757733876705e-06,1.0885023947281822e-05,0.00024629819220298437,0.0003588284171112512,0.0007688943264302389,0.004550857885649356,1.303809540036904,16829.6564372496,0.0002029569829465955,0.00020758061849212434,0.0002158084084815004,0.00023437217097979868,0.0003108175960581165,0.0005471301862068371,0.0002147809094347421,0.00024121003019117817,0.0002995747303457737,0.0004987080306154227,0.0032635888622405095,0.0993674435841124
1.45,1.4487231133672316,7.408336149524141e-06,3.529798490962117e-06,5.113700527842844e-06,5.329874945443565e-06,4.590647267442249e-06,1.224685117614757e-05,0.0002518951374950014,0.00038424145134250716,0.0009063038840674268,0.006562803977071917,3.3110821515769375,108546.84463980184,0.00020225929381048323,0.0002057645680381431,0.00021192424698407897,0.00022549211044065325,0.0002777067158430587,0.00041819930693081254,0.00021478093237022288,0.000241210090016679,0.00029957486180947344,0.0004987083748967531,0.0032635919352980076,0.09936754457231758
1.5,1.4985323142152076,7.408336149524141e-06,3.299046731880043e-06,4.943727992548456e-06,5.922663290720564e-06,5.1012187531928585e-06,1.3608945162913305e-05,0.0002579538107030262,0.00041336743893615445,0.001079521303935637,0.009631788357302062,8.744240643367249,757057.8074169713,0.0002016500479409126,0.00020419378512966777,0.00020861760459752783,0.00021816861798987762,0.00025288273285978453,0.0003357859151152037,0.00021478095531021467,0.00024121014985394528,0.00029957499329902283,0.0004987087192457662,0.0032635950089597346,0.09936764558039915
